[
  {
    "id": "1e252b3b-c1c8-4454-a790-476c54107a33",
    "data": [
      {
        "text": "about samarjit",
        "userDefined": false
      }
    ],
    "isTemplate": false,
    "count": 0,
    "updated": 0
  },
  {
    "id": "20678ae3-6ab2-45cc-b576-0cf8d120414f",
    "data": [
      {
        "text": "samar",
        "userDefined": false
      }
    ],
    "isTemplate": false,
    "count": 0,
    "updated": 0
  },
  {
    "id": "c5f806fb-ae2c-4b64-9ec6-f7f0b8038ffd",
    "data": [
      {
        "text": "i want to know about samar",
        "userDefined": false
      }
    ],
    "isTemplate": false,
    "count": 0,
    "updated": 0
  },
  {
    "id": "71a3afd0-3eae-46b9-a583-2029315feef7",
    "data": [
      {
        "text": "about",
        "userDefined": false
      }
    ],
    "isTemplate": false,
    "count": 0,
    "updated": 0
  },
  {
    "id": "4264d0da-ebf6-4159-9dc4-2c75c6c922b0",
    "data": [
      {
        "text": "About samarjit mahi",
        "userDefined": false
      }
    ],
    "isTemplate": false,
    "count": 0,
    "updated": 0
  },
  {
    "id": "c793e8eb-10da-4439-853c-53a4152068da",
    "data": [
      {
        "text": "Who is samarjit?",
        "userDefined": false
      }
    ],
    "isTemplate": false,
    "count": 0,
    "updated": 0
  },
  {
    "id": "1626aa9b-6b13-47e6-94ca-4e0b5352e596",
    "data": [
      {
        "text": "About samar",
        "userDefined": false
      }
    ],
    "isTemplate": false,
    "count": 0,
    "updated": 0
  },
  {
    "id": "473cdf06-ab3e-445f-89c9-0fce4ae0c075",
    "data": [
      {
        "text": "who is samar?",
        "userDefined": false
      }
    ],
    "isTemplate": false,
    "count": 0,
    "updated": 0
  }
]