[
  {
    "id": "09466736-7cfd-4dcb-8b6d-2eddbd0a883b",
    "data": [
      {
        "text": "contact information of your name",
        "userDefined": false
      }
    ],
    "isTemplate": false,
    "count": 0,
    "updated": 0
  },
  {
    "id": "51d51e1c-ba2b-4e7d-a77d-767e7a987d74",
    "data": [
      {
        "text": "call  Samar",
        "userDefined": false
      }
    ],
    "isTemplate": false,
    "count": 0,
    "updated": 0
  },
  {
    "id": "16a2a4e3-068b-4776-990b-6c968aa2eaff",
    "data": [
      {
        "text": "contacts of  Samarjit",
        "userDefined": false
      }
    ],
    "isTemplate": false,
    "count": 0,
    "updated": 0
  },
  {
    "id": "1641501b-c3ae-400d-8e75-8c18bcc1a028",
    "data": [
      {
        "text": "contact",
        "userDefined": false
      }
    ],
    "isTemplate": false,
    "count": 0,
    "updated": 0
  }
]