[
  {
    "id": "93fba308-1d83-49e5-9696-60a79fd68de2",
    "data": [
      {
        "text": "play samarjit mahi\u0027s podcast",
        "userDefined": false
      }
    ],
    "isTemplate": false,
    "count": 0,
    "updated": 0
  },
  {
    "id": "db8ec1ea-a6b5-4027-9d09-0c375529d7a6",
    "data": [
      {
        "text": "play samar\u0027s podcast",
        "userDefined": false
      }
    ],
    "isTemplate": false,
    "count": 1,
    "updated": 0
  },
  {
    "id": "0b069c7a-964b-43cb-840b-ebc4543a5b16",
    "data": [
      {
        "text": "samar podcast",
        "userDefined": false
      }
    ],
    "isTemplate": false,
    "count": 0,
    "updated": 0
  },
  {
    "id": "cbe03da7-7abb-4b83-a9c1-c0e856dfd75f",
    "data": [
      {
        "text": "open podcast",
        "userDefined": false
      }
    ],
    "isTemplate": false,
    "count": 0,
    "updated": 0
  }
]