[
  {
    "id": "8306696c-c8f8-43b8-9b4b-4e9e6170cb74",
    "data": [
      {
        "text": "new projects",
        "userDefined": false
      }
    ],
    "isTemplate": false,
    "count": 0,
    "updated": 0
  },
  {
    "id": "41f4a35d-6b17-4cd8-9f70-3bff79a046af",
    "data": [
      {
        "text": "Samarjit\u0027s  projects",
        "userDefined": false
      }
    ],
    "isTemplate": false,
    "count": 0,
    "updated": 0
  },
  {
    "id": "59bbe2aa-fb05-4a6b-84f0-8e835b23e794",
    "data": [
      {
        "text": "Projects",
        "userDefined": false
      }
    ],
    "isTemplate": false,
    "count": 1,
    "updated": 0
  },
  {
    "id": "326aee23-e9b1-42ba-8408-4f2608a0a444",
    "data": [
      {
        "text": "samar\u0027s projects",
        "userDefined": false
      }
    ],
    "isTemplate": false,
    "count": 0,
    "updated": 0
  }
]