[
  {
    "id": "9966e60b-503c-472c-a36f-45781c93360b",
    "data": [
      {
        "text": "what is Samar\u0027s qualification?",
        "userDefined": false
      }
    ],
    "isTemplate": false,
    "count": 0,
    "updated": 0
  },
  {
    "id": "f8cadb16-351e-4273-aad4-6decdd25d030",
    "data": [
      {
        "text": "certifications",
        "userDefined": false
      }
    ],
    "isTemplate": false,
    "count": 0,
    "updated": 0
  },
  {
    "id": "3a42cc69-3d65-4d35-889b-d3080bd151f6",
    "data": [
      {
        "text": "marks",
        "userDefined": false
      }
    ],
    "isTemplate": false,
    "count": 0,
    "updated": 0
  },
  {
    "id": "a7a9b862-a4a8-4f1a-acf0-622ccaa2ffee",
    "data": [
      {
        "text": "Academics",
        "userDefined": false
      }
    ],
    "isTemplate": false,
    "count": 0,
    "updated": 0
  },
  {
    "id": "fb47979a-5348-4d98-b31e-889a13699b19",
    "data": [
      {
        "text": "qualification",
        "userDefined": false
      }
    ],
    "isTemplate": false,
    "count": 0,
    "updated": 0
  }
]