[
  {
    "id": "44876014-5def-4904-8fd2-6bb67c001e58",
    "data": [
      {
        "text": "samar skills",
        "userDefined": false
      }
    ],
    "isTemplate": false,
    "count": 0,
    "updated": 0
  },
  {
    "id": "5e3ff0cf-a470-48ba-adfe-0a334fe6af5f",
    "data": [
      {
        "text": "more skills",
        "userDefined": false
      }
    ],
    "isTemplate": false,
    "count": 0,
    "updated": 0
  },
  {
    "id": "384098b8-6b5d-4ccf-95ae-05e01b198fd8",
    "data": [
      {
        "text": "samarjit\u0027s skill",
        "userDefined": false
      }
    ],
    "isTemplate": false,
    "count": 1,
    "updated": 0
  },
  {
    "id": "9a3beb0d-afe8-41ea-9632-fad66d3a4f49",
    "data": [
      {
        "text": "Skills",
        "userDefined": false
      }
    ],
    "isTemplate": false,
    "count": 0,
    "updated": 0
  },
  {
    "id": "abcffab5-659c-4e0b-a527-d387201abe42",
    "data": [
      {
        "text": "Skill",
        "userDefined": false
      }
    ],
    "isTemplate": false,
    "count": 0,
    "updated": 0
  }
]